Αγαυη	Ἀγαύη
Αλκινοος	Ἀλκίνοος
Αλφειος	Ἀλφειός
Αργολις	Ἀργολίς
Αργος	Ἄργος
Αρες	Ἄρης
Αρης	Ἄρης
Ατθις	Ἀτθίς
Βακχιας	Βακχιάς
Βασσαρις	Βασσαρίς
Βεροη	Βερόη
Δηριαδης	Δηριάδης
Δολιος	Δολῖος
Δουλιχιον	Δουλίχιον
Δρυας	Δρυάς
Ενυω	Ἐνυώ
Εσπεριος	Ἑσπέριος
Ηριδανος	Ἠριδανός
Ικαριος	Ἰκάριος
Ιλισσος	Ἰλισσός
Ινδος	Ἰνδός
Ινδωος	Ἰνδῷος
Ινω	Ἰνώ
Καβειρω	Καβειρώ
Κασσιεπεια	Κασσιέπεια
Καυκασος	Καύκασος
Κεφαλος	Κέφαλος
Κυθερεια	Κυθέρεια
Κυπριδιος	Κυπρίδιος
Μαιονια	Μαιονία
Νεοπτολεμος	Νεοπτόλεμος
Νηρεις	Νηρεΐς
Νηρευς	Νηρεύς
Νικαια	Νίκαια
Νομιος	Νομίος
Ξανθος	Ξάνθος
Ορχομενος	Ὀρχομενός
Πακτωλος	Πακτωλός
Πενθης	Πενθής
Περσεφονεια	Περσεφόνεια
Πηνελοπεια	Πηνελόπεια
Πηνελοπειη	Πηνελοπείη
Πρωτευς	Πρωτεύς
Σατυρος	Σάτυρος
Σειληνος	Σειληνός
Σεμελη	Σεμέλη
Σικελος	Σικελός
Σκυρος	Σκύρος
Σταφυλος	Στάφυλος
Ταφιος	Τάφιος
Τηλεμαχος	Τηλέμαχος
Τιτηνις	Τιτηνίς
Τιτυος	Τιτυός
Τρωιος	Τρώϊος
Τυφων	Τυφῶν
Φαιηκες	Φαίηκες
Φαιηκς	 Φαίηξ
αβρος	ἁβρός
αγακλυτος	ἀγακλυτός
αγαμαι	ἄγαμαι
αγλαια	ἀγλαΐα
αγνωστος	ἄγνωστος
αγος	ἄγος
αγραυλος	ἄγραυλος
αγρυπνος	ἀγρύπνος
αγχεμαχος	ἀγχέμαχος
αδινος	ἀδινός
αειδω	ἀείδω
αεικελιος	ἀεικέλιος
αεξω	ἀέξω
αζομαι	ἅζομαι
αητης	ἀήτης
αθροος	ἀθρόος
αθυρμα	ἀθύρμα
αιγις	αἰγίς
αιδης	ἀΐδης
αιθεριος	αἰθέριος
αιθοψ	αἴθοψ
αινος	αἶνος
αιολος	αἴολος
αισσω	ἀΐσσω
αιστος	ἄιστος
αιστωζω	ἀιστόω
αιτεω	αἰτέω
αιχμητης	αἰχμητής
αιων	αἰών
αλεξανδρος	Ἀλέξανδρος
αλιος	ἅλιος
αλις	ἅλις
αλλοιος	ἀλλοῖος
αλλοτριος	ἀλλότριος
αλς	ἅλς
αλυσσω	ἀλύσσω
αμαρυγμα	ἀμάρυγμα
αμοιβαδις	ἀμοιβαδίς
αμφοτερος	ἀμφότερος
αναγκαιος	ἀναγκαῖος
αναιμωτι	ἀναιμωτί
αναισσω	ἀναΐσσω
αναλκις	ἀνάλκις
αναξ	ἄναξ
ανασσα	ἄνασσα
ανδρομεος	ἀνδρόμεος
ανεμος	ἄνεμος
ανια	ἀνία
αντιβιος	ἀντίβιος
αντιθεος	ἀντίθεος
αντιτυπος	ἀντίτυπος
αξιος	ἄξιος
αοιδη	ἀοιδή
αοιδος	ἀοιδός
απειλη	ἀπειλή
απο	ἀπό
αποθρωσκω	ἀποθρῴσκω
απροιδης	ἀπροϊδής
αργης	ἀργής
αργος	ἀργός
αρμα	ἅρμα
αρνειος	ἀρνειός
αροτρευς	ἀροτρεύς
αροτρον	ἄροτρον
ασπαστος	ἀσπαστός
αστεροπη	ἀστεροπή
αστραγαλος	ἀστράγαλος
αστραιος	ἀστραῖος
ατμος	ἀτμός
ατρειδης	Ἀτρείδης
αυλαξ	αὔλαξ
αυρα	αὔρα
αυτογονος	αὐτόγονος 
αυτος	αὐτός
αυτοτελης	αὐτοτελής
αφνειος	ἀφνειός
αχευω	ἀχεύω
βαιος	βαιός
βελεμνον	βέλεμνον
βλεφαρον	βλέφαρον
βρονταιος	βρονταῖος
βροτεη	βροτέη
βυθιος	βύθιος
βυθος	βυθός
γαια	γαῖα
γαληνη	γαλήνη
γμιος (γαμιος)	γάμιος
γενεθλη	γενέθλη
γενειον	γενείον
γενετη	γενετή
γηραλεος	γηραλέος
γλαυκος	γλαυκός
γλυκερος	γλυκερός
γνωτη	γνωτή
γυιον	γυῖον
δαιδαλεος	δαιδάλεος
δαιζω	δαΐζω
δαιμονιος	δαιμόνιος
δαις	δαίς
δακρυω	δακρύω
δαπεδον	δάπεδον
δε	δέ
δειλη	δειλή
δειμα	δεῖμα
δειπνον	δεῖπνον
δεσποινα	δέσποινα
δηιος	δηῖος
δηιοτης	δηιοτής
δημος	δῆμος
δηνος	δῆνος
δηρος	δηρός
δηω	δήω
διεξ	διέξ
διερος	διερός
διονυσος	Διόνυσος
διος	δῖος
διχθαδιος	διχθαδίος
δμωα	δμῶα
δμωις	δμωίς
δολιος	δόλιος
δρυς	δρῦς
δυστηνος	δύστηνος
εδωδη	ἐδωδή
εελδομαι	ἔελδομαι
εερση	ἐέρση
εαρ (ειαρ)	εἴαρ
εαρρινος (ειαρινος)	εἰαρινός
ειδω	εἴδω
ειδωλον	εἴδωλον
εικω	εἴκω
ειναλιος	εἰνάλιος
εις	εἷς
εκ	ἐκ
ελαφος	ἔλαφος
ελισσω	ἑλίσσω
εν	ἐν
εναυλος	ἐναύλος
εντος	ἐντός
επαισσω	ἐπαΐσσω
επειγω	ἐπείγω
επερχομαι	ἐπέρχομαι
επηετανος	ἐπηετανός
επιχθονιος	ἐπιχθόνιος
επουρανιος	ἐπουράνιος
ερειδω	ἐρείδω
ερετμα	ἐρετμά
ερευγω	ἐρεύγω
ερημος	ἐρήμος
εσμος	ἑσμός
εσπεριος	ἑσπέριος
εστεπτω	ἐστέπτω
εσχαρεων	ἐσχαρεών
ετερος	ἕτερος
ευ	εὖ
ευθρονος	εὔθρονος
ευπλοκαμος	εὐπλόκαμος
ευπυργος	εὔπυργος
ευπωλος	εὔπωλος
ευς	 ἐύς
ευσταθης	ἐυσταθής
ευτροχαλος	ἐυτρόχαλος
ευφραινω	εὐφραίνω
ευφρονεων	εὐφρονέων
ευφροσυνη	εὐφροσύνη
ευφρων	εὔφρων
εφετμη	ἐφετμή
ζυγιος	ζύγιος
ηβη	ἥβη
ηβητηρ	ἡβητήρ
ηδει	ἡδεῖ
ηεριος	ἠέριος
ηθας	ἠθάς
ηιθεος	ἠΐθεος
ηιθεω	ἠιθέω
ημιθανης	ἡμιθανής
ηχι	ἧχι
ηχω	ἠχώ
ηως	ἠώς
θαλαμος	θάλαμος
θαλυσια	θαλύσια
θεαινα	θεαῖνα
θεσμος	θεσμός
θεσπεσιος	θεσπέσιος
θηρα	θήρα
ιμασθλη	ἱμάσθλη
ιμερτης	ἱμερτής
ινα	ἵνα
ιοχεαιρη	ἰοχεαίρη
ιππειος	ἵππειος
ιω	ἰώ
και	καί
καλυπτω	καλύπτω
καματος	κάματος
καρηνον	κάρηνον
καρτερος	καρτερός
κειρω	κείρω
κελευθος	κέλευθος
κενεος	κενεός
κεραα	κεράα
κεραια	κεραία
κεραιη	κεραίη
κεστος	κεστός
κηπος	κῆπος
κητος	κῆτος
κινυρη	κινυρή
κληις	κληῖς
κληρος	κλῆρος
κνημις	κνημίς
κοιλη	κοίλη
κοιτος	κοίτος
κολωνη	κολώνη
κομη	κόμη
κορυθαιολος	κορυθαίολος
κορυμβος	κόρυμβος
κουρητες	Κουρῆτες
κουριδιος	κουρίδιος
κουρος	κοῦρος
κουφιζω	κουφίζω
κουφος	κοῦφος
κρειων	κρείων
κρηνη	κρήνη
κρηπις	κρηπῖς
κρυφιος	κρύφιος
κτεινω	κτείνω
κτερη	κτέρη
κυανεος	κυάνεος
κωνος	κώνος
λαινος	λᾶϊνος
λασιος	λασίος
λειπω	λείπω
λεπαδνον	λεπάδνον
λιγυς	λιγύς
λιλαιομαι	λιλαίομαι
λοιβας	λοιβή
λοιβης	λοιβή
λοξος	λοξός
λοχιος	λόχιος
λυσιπονος	λυσίπονος
μαζος	μαζός
μαλʼ	μάλʼ
μαντιπολος	μαντιπόλος
μαρμαρυγη	μαρμαρυγή
μαχητας	μαχητάς
μαχητης	μαχητής
μαχομαι	μάχομαι
μειλιχιος	μειλίχιος
μελαθρον	μέλαθρον
μελεος	μέλεος
μενεπτολεμος	μενεπτόλεμος
μενοινη	μενοινή
μηλον	μῆλον
μητηρ	μήτηρ
μητις	μῆτις
μιμηλος	μιμηλός
μιμνησκω	μιμνῄσκω
μινυνθαδιος	μινυνθαδῖος
μορφη	μορφή
μυκημα	μύκημα
ναυμαχος	ναυμάχος
ναυς	ναῦς
νεατος	νεάτος
νεβρις	νεβρίς
νεβρος	νεβρός
νεικος	νεῖκος
νεμεσις	νέμεσις
νευμα	νεῦμα
νηιαδες	νηϊάδες
νηιας	νηιάς
νηις	νῆις
νηπενθης	νηπενθής
νηπιαχος	νηπιάχος
νοημα	νόημα
νομιος	νόμιος
νυμφη	νύμφη
νυμφιδιος	νυμφιδίος
νυν	νῦν
νυχιος	νύχιος
νωθρος	νωθρός
νωτον	νῶτον
ξανθος	ξανθός
οδʼ	ὅδʼ
οδυνη	ὀδύνη
οιδμα	οἶδμα
οιζυν	ὀϊζύν
οιζυρος	ὀϊζυρός
οιζυς	ὀϊζύς
οινας	οἰνάς
οιομαι	οἴομαι
οις	οἶς
οιστευω	ὀϊστεύω
οιστοις	ὀϊστοῖς
οιστος	ὀϊστός
οιω	οἴω
ολεω	ὄλεω
ολκος	ὁλκός
ομιχλη	ὁμίχλη
ομοιος	ὅμοιος
ομφη	ὀμφή
ονειρος	ὄνειρος
οξυτενης	ὀξυτενής
οπαζω	ὀπάζω
οπιπευτηρ	ὀπιπευτήρ
οπις	ὄπις
οπλος	ὁπλός
οπωρα	ὀπώρα
ορμος	ὅρμος
ορπηξ	ὅρπηξ
οτε	ὅτε
ουθʼ	οὔθʼ
ουρανιος	οὐράνιος
ουτʼ	οὔτʼ
παντοιος	παντοῖος
παρʼ	πάρʼ
παραισσω	παραΐσσω
παρειαιμι	παρειαίμι
παρθενικη	παρθενική
πασσυδιη	πασσυδίη
παστος	παστός
παταγος	πάταγος
πατηρ	πατήρ
παυρος	παῦρος
πεδιλον	πέδιλον
πεισμα	πεῖσμα
πελαγος	πέλαγος
πελεια	πέλεια
πελωριος	πελώριος
πετρα	πέτρα
πηκτις	πηκτίς
πημα	πῆμα
πιεζω	πιέζω
πινυτος	πινυτός
πλοκαμος	πλόκαμος
ποθεν	πόθεν
ποιη	ποίη
ποιητος	ποιητός
πολεμιζω	πολεμίζω
πολεμος	πόλεμος
πολις	πόλις
πολυπιδαξ	πολυπίδαξ
ποντοπορος	ποντόπορος
προιημι	προΐημι
προτερος	πρότερος
προχοη	προχοή
πτερον	πτερόν
πυρσος	πυρσός
ριπτω	ῥίπτω
ροθιον	ῥοθίον
ροθιος	ῥόθιος
ροπαλον	ῥόπαλον
σειρη	σειρή
σκηπτρον	σκῆπτρον
σκοπελος	σκόπελος
σπειρω	σπείρω
σπευδω	σπεύδω
σταδιος	στάδιος
στεινος	στεῖνος
συβωτης	συβώτης
συν	σύν
συριγξ	σύριγξ
συριζω	συρίζω
συς	σύς
ταμων	ταμών
ταυρος	ταῦρος
ταυροφυης	ταυροφυής
ταυρωπις	ταυρώπις
τειχος	τεῖχος
τελεσσιγονος	τελεσσίγονος
τερπωλης	τερπωλῆς
τευχω	τεύχω
τις	τίς
τιω	τίω
τοιχος	τοῖχος
τοσσατιος	τοσσάτιος
τοτε	τότε
τουνεκʼ	τοὔνεκʼ
τουνεκα	τοὔνεκα
τριαινα	τριαῖνα
τριαινη	τριαίνη
τρυφαλεια	τρυφάλεια
τυρος	τυρός
υιωνος	υἱωνός
υλη	ὕλη
υμεναιος	ὑμέναιος
υποβρυχιος	ὑποβρύχιος
υπωροφιος	ὑπωρόφιος
υστατιος	ὑστάτιος
υψιτενης	ὑψιτενής
φαιδρος	φαιδρός
φαρμακον	φάρμακον
φαρος	φᾶρος
φατιζω	φάτιζω
φλογερος	φλογερός
φονιος	φόνιος
φρικτος	φρικτός
φυτευω	φυτεύω
χαρασσω	χαράσσω
χειλος	χεῖλος
χειμεριος	χειμέριος
χευμα	χεῦμα
χευω	χεῦω
χηλη	χηλή
χθονιος	χθόνιος
χορεια	χορεία
χορος	χορός
χρεω	χρεώ
χριω	χρίω
χρυση	χρυσῆ
ψαμαθος	ψάμαθος
ψευδαλεος	ψευδαλέος
ωκυπορος	ὠκύπορος
ωμος	ὦμος
βιος	βιός
γαμιος	γάμιος
ος	ὅς
ποτε	ποτέ
ποτος	ποτός
Ἀγαύῃ	Ἀγαύη
Ἀλκινόος	Ἀλκίνοος
Ἀλφειός	Ἀλφειός
Ἀργολίς	Ἀργολίς
Ἄργος	Ἄργος
Ἄρες	Ἄρης
Ἅρης	Ἄρης
Ἀτθὶς	Ἀτθίς
Βακχιάς	Βακχιάς
Βασσαρίς	Βασσαρίς
Βερόῃ	Βερόη
Δηριάδῃς	Δηριάδης
Δολῖος	Δολῖος
Δουλίχιον	Δουλίχιον
Δρυάς	Δρυάς
Ἐνυώ	Ἐνυώ
Ἑσπερῖος	Ἑσπέριος
Ἠριδανός	Ἠριδανός
Ἰκάριος	Ἰκάριος
Ἰλισσός	Ἰλισσός
Ἰνδός	Ἰνδός
Ἰνδῴος	Ἰνδῷος
Ἰνὼ	Ἰνώ
Καβειρώ	Καβειρώ
Κασσιέπεια	Κασσιέπεια
Καύκασος	Καύκασος
Κέφαλος	Κέφαλος
Κυθέρεια	Κυθέρεια
Κυπριδῖος	Κυπρίδιος
Μαίονια	Μαιονία
Νεοπτόλεμος	Νεοπτόλεμος
Νηρεΐς	Νηρεΐς
Νηρεὺς	Νηρεύς
Νικαία	Νίκαια
Νομίος	Νομίος
Ξάνθος	Ξάνθος
Ὀρχομενὸς	Ὀρχομενός
Πακτωλός	Πακτωλός
Πενθῆς	Πενθής
Περσεφόνεια	Περσεφόνεια
Πηνελοπεία	Πηνελόπεια
Πηνελοπείῃ	Πηνελοπείη
Πρωτεύς	Πρωτεύς
Σατύρος	Σάτυρος
Σειληνός	Σειληνός
Σεμέλῃ	Σεμέλη
Σικελός	Σικελός
Σκύρος	Σκύρος
Σταφύλος	Στάφυλος
Ταφίος	Τάφιος
Τηλέμαχός	Τηλέμαχος
Τιτηνὶς	Τιτηνίς
Τιτυὸς	Τιτυός
Τρώϊος	Τρώϊος
Τυφών	Τυφῶν
Φαιῆκες	Φαίηκες
Φαίηκς	 Φαίηξ
ἁβρός	ἁβρός
ἀγακλυτὸς	ἀγακλυτός
ἄγαμαί	ἄγαμαι
ἀγλαΐα	ἀγλαΐα
ἄγνωστος	ἄγνωστος
ἄγος	ἄγος
ἀγραύλος	ἄγραυλος
ἀγρύπνος	ἀγρύπνος
ἀγχέμαχος	ἀγχέμαχος
ἁδινός	ἀδινός
ἀείδω	ἀείδω
ἀεικέλιος	ἀεικέλιος
ἀέξω	ἀέξω
ἅζομαι	ἅζομαι
ἀήτῃς	ἀήτης
ἁθρόος	ἀθρόος
ἀθύρμα	ἀθύρμα
αἰγίς	αἰγίς
ἀΐδης	ἀΐδης
αἰθέριος	αἰθέριος
αἶθοψ	αἴθοψ
αἶνος	αἶνος
αἴολος	αἴολος
ἀίσσω	ἀΐσσω
ἄιστος	ἄιστος
ἀιστώζω	ἀιστόω
αἰτέω	αἰτέω
αἰχμητὴς	αἰχμητής
αἰών	αἰών
ἀλέξανδρος	Ἀλέξανδρος
ἅλιος	ἅλιος
ἅλις	ἅλις
ἀλλοῖος	ἀλλοῖος
ἀλλότριος	ἀλλότριος
ἄλς	ἅλς
ἀλύσσω	ἀλύσσω
ἀμάρυγμα	ἀμάρυγμα
ἀμοιβαδὶς	ἀμοιβαδίς
ἀμφότερος	ἀμφότερος
ἀναγκαίος	ἀναγκαῖος
ἀναιμωτὶ	ἀναιμωτί
ἀναΐσσω	ἀναΐσσω
ἄναλκις	ἀνάλκις
ἄναξ	ἄναξ
ἀνάσσα	ἄνασσα
ἀνδρόμεος	ἀνδρόμεος
ἄνεμός	ἄνεμος
ἄνια	ἀνία
ἀντίβιος	ἀντίβιος
ἀντίθεος	ἀντίθεος
ἀντίτυπος	ἀντίτυπος
ἄξιος	ἄξιος
ἀοιδὴ	ἀοιδή
ἀοιδός	ἀοιδός
ἀπειλή	ἀπειλή
ἀπὀ	ἀπό
ἀποθρώσκω	ἀποθρῴσκω
ἀπροϊδὴς	ἀπροϊδής
ἀργής	ἀργής
ἄργος	ἀργός
ἅρμα	ἅρμα
ἀρνειός	ἀρνειός
ἀροτρεὺς	ἀροτρεύς
ἀρότρον	ἄροτρον
ἀσπαστὸς	ἀσπαστός
ἀστεροπή	ἀστεροπή
ἀστράγαλος	ἀστράγαλος
ἀστραίος	ἀστραῖος
ἀτμὸς	ἀτμός
ἀτρείδης	Ἀτρείδης
αὔλαξ	αὔλαξ
αὖρα	αὔρα
αὐτογόνος	αὐτόγονος 
αὐτός	αὐτός
αὐτοτελής	αὐτοτελής
ἀφνειος	ἀφνειός
ἀχεύῳ	ἀχεύω
βαιὸς	βαιός
βέλεμνον	βέλεμνον
βλεφάρον	βλέφαρον
βρονταῖος	βρονταῖος
βροτέη	βροτέη
βύθιος	βύθιος
βυθὸς	βυθός
γαιά	γαῖα
γαλήνῃ	γαλήνη
γάμιος	γάμιος
γενέθλη	γενέθλη
γένειον	γενείον
γενέτη	γενετή
γηράλεος	γηραλέος
γλαῦκος	γλαυκός
γλυκερὸς	γλυκερός
γνωτῆ	γνωτή
γυίον	γυῖον
δαιδαλέος	δαιδάλεος
δαίζω	δαΐζω
δαιμόνιος	δαιμόνιος
δάις	δαίς
δακρύω	δακρύω
δάπεδον	δάπεδον
δἐ	δέ
δειλὴ	δειλή
δείμα	δεῖμα
δείπνον	δεῖπνον
δέσποινα	δέσποινα
δηῖος	δηῖος
δηιοτής	δηιοτής
δήμος	δῆμος
δῆνος	δῆνος
δήω	δήω
διὲξ	διέξ
διερὸς	διερός
διονύσος	Διόνυσος
δῖός	δῖος
διχθαδίος	διχθαδίος
δμῳά	δμῶα
δμωὶς	δμωίς
δολῖος	δόλιος
δρύς	δρῦς
δύστηνος	δύστηνος
ἐδωδὴ	ἐδωδή
ἐέλδομαι	ἔελδομαι
ἐέρσῃ	ἐέρση
εἶαρ	εἴαρ
εἰαρινὸς	εἰαρινός
εἴδω	εἴδω
εἰδώλον	εἴδωλον
εἴκω	εἴκω
εἰνάλιος	εἰνάλιος
εἵς	εἷς
ἒκ	ἐκ
ἐλάφος	ἔλαφος
ἐλίσσω	ἑλίσσω
έν	ἐν
ἔναυλος	ἐναύλος
ἔντος	ἐντός
ἐπαίσσω	ἐπαΐσσω
ἐπέιγω	ἐπείγω
ἐπέρχομαι	ἐπέρχομαι
ἐπηετανός	ἐπηετανός
ἐπιχθόνιος	ἐπιχθόνιος
ἐπουράνιος	ἐπουράνιος
ἐρέιδω	ἐρείδω
ἐρετμά	ἐρετμά
ἐρεύγω	ἐρεύγω
ἐρήμος	ἐρήμος
ἑσμὸς	ἑσμός
ἑσπέριος	ἑσπέριος
ἔστεπτω	ἐστέπτω
ἐσχαρεῶν	ἐσχαρεών
ἑτέρος	ἕτερος
ἐυ	εὖ
εὔθρονος	εὔθρονος
ἐϋπλόκαμος	εὐπλόκαμος
εὐπύργος	εὔπυργος
ἐύπωλος	εὔπωλος
ἑύς	 ἐύς
ἐυσταθής	ἐυσταθής
ἐυτροχάλος	ἐυτρόχαλος
εὐφραίνω	εὐφραίνω
ἐυφρονέων	εὐφρονέων
εὐφροσύνη	εὐφροσύνη
εΰφρων	εὔφρων
ἐφετμῇ	ἐφετμή
ζυγῖος	ζύγιος
ἤβη	ἥβη
ἡβητὴρ	ἡβητήρ
ἡδέϊ	ἡδεῖ
ἠέριος	ἠέριος
ὴθάς	ἠθάς
ἠΐθεός	ἠΐθεος
ἠιθέω	ἠιθέω
ἡμιθανής	ἡμιθανής
ἧχι	ἧχι
ἠχώ	ἠχώ
ἠώς	ἠώς
θαλάμος	θάλαμος
θαλύσια	θαλύσια
θέαινα	θεαῖνα
θεσμὸς	θεσμός
θεσπεσῖος	θεσπέσιος
θῆρα	θήρα
ἱμάσθλῃ	ἱμάσθλη
ἱμερτής	ἱμερτής
ἵνά	ἵνα
ἰοχεαίρη	ἰοχεαίρη
ἵππειος	ἵππειος
ἰώ	ἰώ
καί	καί
κάλυπτω	καλύπτω
καμάτος	κάματος
κάρηνον	κάρηνον
καρτερός	καρτερός
κείρω	κείρω
κέλευθος	κέλευθος
κεράα	κεράα
κεραῖα	κεραία
κεραίῃ	κεραίη
κεστὸς	κεστός
κῆπος	κῆπος
κῆτος	κῆτος
κινυρή	κινυρή
κληῗς	κληῖς
κλῆρος	κλῆρος
κνημίς	κνημίς
κοίλῃ	κοίλη
κοίτος	κοίτος
κολῶνη	κολώνη
κομή	κόμη
κορυθαιόλος	κορυθαίολος
κόρυμβος	κόρυμβος
κούρητες	Κουρῆτες
κουριδῖος	κουρίδιος
κοῦρος	κοῦρος
κουφίζω	κουφίζω
κούφος	κοῦφος
κρείων	κρείων
κρῆνη	κρήνη
κρηπῖς	κρηπῖς
κρύφιος	κρύφιος
κτείνω	κτείνω
κτερή	κτέρη
κυανέος	κυάνεος
κώνος	κώνος
λάϊνος	λᾶϊνος
λασίος	λασίος
λέιπω	λείπω
λέπαδνον	λεπάδνον
λιγὺς	λιγύς
λιλαίομαι	λιλαίομαι
λοιβάς	λοιβή
λοιβής	λοιβή
λοξός	λοξός
λοχίος	λόχιος
λυσίπονος	λυσίπονος
μαζὸς	μαζός
μαντίπολος	μαντιπόλος
μαρμαρυγὴ	μαρμαρυγή
μαχητάς	μαχητάς
μαχητὴς	μαχητής
μαχομαὶ	μάχομαι
μειλιχῖος	μειλίχιος
μέλαθρον	μέλαθρον
μέλεος	μέλεος
μενεπτόλεμός	μενεπτόλεμος
μενοινὴ	μενοινή
μῆλον	μῆλον
μήτηρ	μήτηρ
μῆτις	μῆτις
μιμηλός	μιμηλός
μιμνῄσκω	μιμνῄσκω
μινυνθαδίος	μινυνθαδῖος
μορφὴ	μορφή
μυκήμα	μύκημα
ναυμάχος	ναυμάχος
νάῦς	ναῦς
νεάτος	νεάτος
νεβρὶς	νεβρίς
νεβρὸς	νεβρός
νεῖκος	νεῖκος
νέμεσις	νέμεσις
νεύμα	νεῦμα
νηιάδες	νηϊάδες
νηιάς	νηιάς
νῆις	νῆις
νηπενθὴς	νηπενθής
νηπίαχος	νηπιάχος
νόημα	νόημα
νομίος	νόμιος
νύμφῃ	νύμφη
νυμφιδῖος	νυμφιδίος
νῦν	νῦν
νυχῖος	νύχιος
νωθρός	νωθρός
νῶτον	νῶτον
ξανθὸς	ξανθός
ὅδʼ	ὅδʼ
ὀδύνη	ὀδύνη
οἶδμα	οἶδμα
ὀϊζύν	ὀϊζύν
ὀιζυρός	ὀϊζυρός
ὀϊζύς	ὀϊζύς
οἰνὰς	οἰνάς
οἴομαι	οἴομαι
ὄις	οἶς
ὀϊστεύω	ὀϊστεύω
ὀιστοῖς	ὀϊστοῖς
ὀιστός	ὀϊστός
οἴω	οἴω
ὀλέω	ὄλεω
ὁλκός	ὁλκός
ὀμίχλῃ	ὁμίχλη
ὁμοῖος	ὅμοιος
ὀμφὴ	ὀμφή
ὄνειρος	ὄνειρος
ὀξυτενής	ὀξυτενής
ὀπάζω	ὀπάζω
ὀπιπευτῆρ	ὀπιπευτήρ
ὄπις	ὄπις
ὅπλος	ὁπλός
ὀπῶρα	ὀπώρα
ὅρμος	ὅρμος
ὅρπηξ	ὅρπηξ
ὅτε	ὅτε
οὔθʼ	οὔθʼ
οὐρανῖος	οὐράνιος
οὐτʼ	οὔτʼ
παντοίος	παντοῖος
πάρʼ	πάρʼ
παραΐσσω	παραΐσσω
παρειαίμι	παρειαίμι
παρθενική	παρθενική
πασσυδίῃ	πασσυδίη
παστὸς	παστός
πατάγος	πάταγος
πάτηρ	πατήρ
παῦρος	παῦρος
πέδιλον	πέδιλον
πείσμα	πεῖσμα
πέλαγος	πέλαγος
πελεία	πέλεια
πελωρῖος	πελώριος
πετρά	πέτρα
πηκτὶς	πηκτίς
πῆμα	πῆμα
πίεζω	πιέζω
πλοκάμος	πλόκαμος
πόθεν	πόθεν
ποίῃ	ποίη
ποιητὸς	ποιητός
πολεμίζω	πολεμίζω
πόλεμος	πόλεμος
πόλις	πόλις
πολυπῖδαξ	πολυπίδαξ
ποντόπορος	ποντόπορος
προίημι	προΐημι
προτέρος	πρότερος
προχοή	προχοή
πτερόν	πτερόν
πυρσὸς	πυρσός
ῥίπτω	ῥίπτω
ῥοθῖον	ῥοθίον
ῥόθιος	ῥόθιος
ῥόπαλον	ῥόπαλον
σειρὴ	σειρή
σκήπτρον	σκῆπτρον
σκόπελος	σκόπελος
σπείρω	σπείρω
σπεῦδω	σπεύδω
στάδιος	στάδιος
στεινός	στεῖνος
συβώτης	συβώτης
σύν	σύν
σῦριγξ	σύριγξ
σύριζω	συρίζω
σύς	σύς
ταμὼν	ταμών
ταῦρος	ταῦρος
ταυροφυὴς	ταυροφυής
ταυρῶπις	ταυρώπις
τείχος	τεῖχος
τελεσσίγονος	τελεσσίγονος
τερπωλῆς	τερπωλῆς
τεύχω	τεύχω
τίς	τίς
τίω	τίω
τοῖχος	τοῖχος
τοσσατῖος	τοσσάτιος
τοτέ	τότε
τοὔνεκʼ	τοὔνεκʼ
τούνεκα	τοὔνεκα
τριαίνα	τριαῖνα
τριαίνῃ	τριαίνη
τρυφαλεία	τρυφάλεια
τυρός	τυρός
υἱωνὸς	υἱωνός
ὗλη	ὕλη
ὑμεναῖος	ὑμέναιος
ὑποβρύχιος	ὑποβρύχιος
ὑπωροφῖος	ὑπωρόφιος
ὑστατῖος	ὑστάτιος
ὑψιτενής	ὑψιτενής
φαιδρός	φαιδρός
φάρμακόν	φάρμακον
φᾶρος	φᾶρος
φατίζω	φάτιζω
φλογερὸς	φλογερός
φόνιος	φόνιος
φρικτὸς	φρικτός
φυτεύω	φυτεύω
χάρασσω	χαράσσω
χεῖλος	χεῖλος
χειμέριος	χειμέριος
χεύμα	χεῦμα
χεῦω	χεῦω
χηλῇ	χηλή
χθονῖος	χθόνιος
χορεῖα	χορεία
χορός	χορός
χρεὼ	χρεώ
χρῖω	χρίω
χρυσῆ	χρυσῆ
ψαμάθος	ψάμαθος
ψευδάλεος	ψευδαλέος
ὠκύπορος	ὠκύπορος
βιός	βιός
ὅς	ὅς
ποτέ	ποτέ
ποτὸς	ποτός
Ἀγαύη	Ἀγαύη
Ἀλκίνοος	Ἀλκίνοος
Ἀλφειὸς	Ἀλφειός
Ἀργολὶς	Ἀργολίς
Ἄργός	Ἄργος
Ἀτθίς	Ἀτθίς
Βακχιὰς	Βακχιάς
Βασσαρὶς	Βασσαρίς
Βερόη	Βερόη
Δηριαδῆς	Δηριάδης
Δολίος	Δολῖος
Δουλιχίον	Δουλίχιον
Δρύας	Δρυάς
Ἐνυὼ	Ἐνυώ
Ἑσπέριος	Ἑσπέριος
Ἠριδανὸς	Ἠριδανός
Ἰκαρῖος	Ἰκάριος
Ἰλισσὸς	Ἰλισσός
Ἰνδὸς	Ἰνδός
Ἰνδῷος	Ἰνδῷος
Ἰνώ	Ἰνώ
Καβείρω	Καβειρώ
Κασσιεπεία	Κασσιέπεια
Καυκάσος	Καύκασος
Κεφάλος	Κέφαλος
Κυθερεία	Κυθέρεια
Κυπριδίος	Κυπρίδιος
Μαιονία	Μαιονία
Νεοπτολέμος	Νεοπτόλεμος
Νηρείς	Νηρεΐς
Νηρεύς	Νηρεύς
Νίκαια	Νίκαια
Νόμιος	Νομίος
Ξάνθός	Ξάνθος
Ὀρχομενός	Ὀρχομενός
Πακτωλὸς	Πακτωλός
Πενθής	Πενθής
Περσεφονεία	Περσεφόνεια
Πηνελόπεια	Πηνελόπεια
Πηνελοπείη	Πηνελοπείη
Πρωτεὺς	Πρωτεύς
Σατῦρος	Σάτυρος
Σειληνὸς	Σειληνός
Σεμέλη	Σεμέλη
Σικελὸς	Σικελός
Σκῦρος	Σκύρος
Στάφυλος	Στάφυλος
Τάφιος	Τάφιος
Τηλεμάχος	Τηλέμαχος
Τιτηνίς	Τιτηνίς
Τιτυός	Τιτυός
Τρώιος	Τρώϊος
Τυφῶν	Τυφῶν
Φαιήκες	Φαίηκες
Φαιήκς	 Φαίηξ
ἁβρὸς	ἁβρός
ἀγακλυτός	ἀγακλυτός
ἄγαμαι	ἄγαμαι
ἀγλαία	ἀγλαΐα
ἀγνώστος	ἄγνωστος
ἀγός	ἄγος
ἄγραυλος	ἄγραυλος
ἄγρυπνος	ἀγρύπνος
ἀγχεμάχος	ἀγχέμαχος
ἀδινός	ἀδινός
ἄειδω	ἀείδω
ἀεικελῖος	ἀεικέλιος
ἄεξω	ἀέξω
ἄζομαι	ἅζομαι
ἀήτης	ἀήτης
ἀθρόος	ἀθρόος
ἄθυρμα	ἀθύρμα
αἰγὶς	αἰγίς
ἀίδης	ἀΐδης
αἰθερῖος	αἰθέριος
αἴθοψ	αἴθοψ
αἰνός	αἶνος
αἰόλος	αἴολος
ἀΐσσω	ἀΐσσω
ἄϊστος	ἄιστος
ἀιστῶζω	ἀιστόω
αἰτεω	αἰτέω
αἰχμητής	αἰχμητής
ἀίων	αἰών
̓ἀλέξανδρος	Ἀλέξανδρος
ἁλίος	ἅλιος
ἁλὶς	ἅλις
ἀλλοίος	ἀλλοῖος
ἀλλοτρίος	ἀλλότριος
ἅλς	ἅλς
ἄλυσσω	ἀλύσσω
ἀμαρύγμα	ἀμάρυγμα
ἀμοιβαδίς	ἀμοιβαδίς
ἀμφοτέρος	ἀμφότερος
ἄναγκαιος	ἀναγκαῖος
ἀναιμωτί	ἀναιμωτί
ἀναίσσω	ἀναΐσσω
ἀνάλκις	ἀνάλκις
ἅναξ	ἄναξ
ἄνασσα	ἄνασσα
ἀνδρομέος	ἀνδρόμεος
ἄνεμος	ἄνεμος
ἀνία	ἀνία
ἀντιβίος	ἀντίβιος
ἀντιθέος	ἀντίθεος
ἀντιτύπος	ἀντίτυπος
ἀξιός	ἄξιος
ἀοιδή	ἀοιδή
ἀοιδὸς	ἀοιδός
ἀπειλῇ	ἀπειλή
ἀπό	ἀπό
ἀποθρῴσκω	ἀποθρῴσκω
ἀπροϊδής	ἀπροϊδής
ἀργῆς	ἀργής
ἀργός	ἀργός
ἄρμα	ἅρμα
ἀρνειὸς	ἀρνειός
ἀροτρεύς	ἀροτρεύς
ἄροτρον	ἄροτρον
ἀσπαστός	ἀσπαστός
ἀστεροπὴ	ἀστεροπή
ἀστραγάλος	ἀστράγαλος
ἀστραῖος	ἀστραῖος
ἀτμός	ἀτμός
ατρείδης	Ἀτρείδης
αὖλαξ	αὔλαξ
αὔρα	αὔρα
αὐτόγονος	αὐτόγονος 
ἀυτός	αὐτός
αὐτοτελὴς	αὐτοτελής
ἀφνειός	ἀφνειός
ἀχεύω	ἀχεύω
βαιός	βαιός
βελέμνον	βέλεμνον
βλέφαρον	βλέφαρον
βρονταίος	βρονταῖος
βροτέῃ	βροτέη
βυθῖος	βύθιος
βυθός	βυθός
γαῖα	γαῖα
γαλήνη	γαλήνη
γαμίος	γάμιος
γενέθλῃ	γενέθλη
γενείον	γενείον
γενετή	γενετή
γηραλέος	γηραλέος
γλαυκός	γλαυκός
γλυκερός	γλυκερός
γνωτή	γνωτή
γυῖον	γυῖον
δαιδάλεος	δαιδάλεος
δαΐζω	δαΐζω
δαιμονῖος	δαιμόνιος
δαίς	δαίς
δάκρυω	δακρύω
δαπέδον	δάπεδον
δέ	δέ
δειλή	δειλή
δεῖμα	δεῖμα
δεῖπνον	δεῖπνον
δεσποίνα	δέσποινα
δήιος	δηῖος
δηιοτῆς	δηιοτής
δῆμος	δῆμος
δήνος	δῆνος
δηρός	δηρός
δηώ	δήω
διέξ	διέξ
διερός	διερός
διόνυσος	Διόνυσος
δῖος	δῖος
διχθαδῖος	διχθαδίος
δμῶα	δμῶα
δμωίς	δμωίς
δόλιος	δόλιος
δρῦς	δρῦς
δυστήνος	δύστηνος
ἐδωδή	ἐδωδή
ἔελδομαι	ἔελδομαι
ἐέρση	ἐέρση
εἴαρ	εἴαρ
εἰαρινός	εἰαρινός
εἵδω	εἴδω
εἴδωλον	εἴδωλον
εἰκώ	εἴκω
εἰναλῖος	εἰνάλιος
εἷς	εἷς
ὲκ	ἐκ
ἔλαφος	ἔλαφος
ἑλίσσω	ἑλίσσω
ὲν	ἐν
ἐναύλος	ἐναύλος
ἐντός	ἐντός
ἐπαΐσσω	ἐπαΐσσω
ἐπείγω	ἐπείγω
ἔπερχομαι	ἐπέρχομαι
ἐπηετανὸς	ἐπηετανός
ἐπιχθονῖος	ἐπιχθόνιος
ἐπουρανῖος	ἐπουράνιος
ἐρείδω	ἐρείδω
ἐρετμὰ	ἐρετμά
ἐρέυγω	ἐρεύγω
ἐρῆμος	ἐρήμος
ἑσμός	ἑσμός
ἑσπερῖος	ἑσπέριος
ἐστέπτω	ἐστέπτω
ἐσχαρεών	ἐσχαρεών
ἕτερος	ἕτερος
εὖ	εὖ
ἐύθρονος	εὔθρονος
ἐυπλόκαμος	εὐπλόκαμος
εὔπυργος	εὔπυργος
εὔπωλος	εὔπωλος
ἐύς	 ἐύς
ἐϋσταθής	ἐυσταθής
ἐυτρόχαλος	ἐυτρόχαλος
ἐυφραίνω	εὐφραίνω
εὐφρονέων	εὐφρονέων
ἐϋφροσύνη	εὐφροσύνη
ἐύφρων	εὔφρων
ἐφετμή	ἐφετμή
ζύγιος	ζύγιος
ἥβη	ἥβη
ἡβητήρ	ἡβητήρ
ἡδέι	ἡδεῖ
ἠερῖος	ἠέριος
ἠθάς	ἠθάς
ἠίθεος	ἠΐθεος
ἠιθέῳ	ἠιθέω
ἡμιθανὴς	ἡμιθανής
ἧχί	ἧχι
ἠχὼ	ἠχώ
ἠῷς	ἠώς
θάλαμος	θάλαμος
θαλυσιὰ	θαλύσια
θεαῖνα	θεαῖνα
θεσμός	θεσμός
θεσπέσιος	θεσπέσιος
θήρα	θήρα
ἱμάσθλη	ἱμάσθλη
ἱμερτῆς	ἱμερτής
ἵνα	ἵνα
ἰοχεαίρῃ	ἰοχεαίρη
ἱππεῖος	ἵππειος
ἰῶ	ἰώ
καἰ	καί
καλύπτω	καλύπτω
κάματος	κάματος
καρήνον	κάρηνον
καρτερὸς	καρτερός
κεῖρω	κείρω
κελεύθος	κέλευθος
κενεός	κενεός
κεραά	κεράα
κεραία	κεραία
κεραίη	κεραίη
κεστός	κεστός
κήπος	κῆπος
κήτος	κῆτος
κινυρὴ	κινυρή
κληίς	κληῖς
κλήρος	κλῆρος
κνημῖς	κνημίς
κοίλη	κοίλη
κοῖτος	κοίτος
κολώνη	κολώνη
κόμη	κόμη
κορυθαίολος	κορυθαίολος
κορύμβος	κόρυμβος
κουρῆτες	Κουρῆτες
κουρίδιος	κουρίδιος
κούρος	κοῦρος
κούφιζω	κουφίζω
κοῦφος	κοῦφος
κρειῶν	κρείων
κρήνη	κρήνη
κρηπίς	κρηπῖς
κρυφῖος	κρύφιος
κτεῖνω	κτείνω
κτέρη	κτέρη
κυάνεος	κυάνεος
κῶνος	κώνος
λάινος	λᾶϊνος
λασῖος	λασίος
λείπω	λείπω
λεπάδνον	λεπάδνον
λιγύς	λιγύς
λίλαιομαι	λιλαίομαι
λοιβὰς	λοιβή
λοιβὴς	λοιβή
λοξὸς	λοξός
λόχιος	λόχιος
λυσιπόνος	λυσίπονος
μαζός	μαζός
μάλʼ	μάλʼ
μαντιπόλος	μαντιπόλος
μαρμαρυγή	μαρμαρυγή
μαχητὰς	μαχητάς
μαχητής	μαχητής
μάχομαι	μάχομαι
μειλίχιος	μειλίχιος
μελάθρον	μέλαθρον
μελέος	μέλεος
μενεπτόλεμος	μενεπτόλεμος
μενοινή	μενοινή
μήλον	μῆλον
μητήρ	μήτηρ
μήτις	μῆτις
μιμηλὸς	μιμηλός
μιμνήσκω	μιμνῄσκω
μινυνθαδῖος	μινυνθαδῖος
μορφή	μορφή
μύκημα	μύκημα
ναύμαχος	ναυμάχος
ναῦς	ναῦς
νέατος	νεάτος
νεβρίς	νεβρίς
νεβρός	νεβρός
νείκος	νεῖκος
νέμεσίς	νέμεσις
νεῦμα	νεῦμα
νηϊάδες	νηϊάδες
νηιὰς	νηιάς
νήις	νῆις
νηπενθής	νηπενθής
νηπιάχος	νηπιάχος
νοήμα	νόημα
νόμιος	νόμιος
νύμφη	νύμφη
νυμφιδίος	νυμφιδίος
νύχιος	νύχιος
νωθρὸς	νωθρός
νώτον	νῶτον
ξανθός	ξανθός
ὁδʼ	ὅδʼ
ὀδύνῃ	ὀδύνη
οἴδμα	οἶδμα
ὀιζύν	ὀϊζύν
ὀϊζυρός	ὀϊζυρός
ὀιζύς	ὀϊζύς
οἰνάς	οἰνάς
ὀίομαι	οἴομαι
οἶς	οἶς
ὀιστεύω	ὀϊστεύω
ὀϊστοῖς	ὀϊστοῖς
ὀϊστός	ὀϊστός
ὀίω	οἴω
ὄλεω	ὄλεω
ὁλκὸς	ὁλκός
ὁμίχλη	ὁμίχλη
ὅμοιος	ὅμοιος
ὀμφή	ὀμφή
ὀνείρος	ὄνειρος
ὀξυτενὴς	ὀξυτενής
ὄπαζω	ὀπάζω
ὀπιπευτήρ	ὀπιπευτήρ
ὀπίς	ὄπις
ὁπλός	ὁπλός
ὀπώρα	ὀπώρα
ὁρμὸς	ὅρμος
ὄρπηξ	ὅρπηξ
ὁτέ	ὅτε
οὐθʼ	οὔθʼ
οὐράνιος	οὐράνιος
οὔτʼ	οὔτʼ
παντοῖος	παντοῖος
παραίσσω	παραΐσσω
παρειαὶμι	παρειαίμι
παρθενικὴ	παρθενική
πασσυδίη	πασσυδίη
παστός	παστός
πάταγος	πάταγος
πατήρ	πατήρ
παύρος	παῦρος
πεδίλον	πέδιλον
πεῖσμα	πεῖσμα
πελάγος	πέλαγος
πέλεια	πέλεια
πελώριος	πελώριος
πέτρα	πέτρα
πηκτίς	πηκτίς
πήμα	πῆμα
πιέζω	πιέζω
πινυτός	πινυτός
πλόκαμος	πλόκαμος
ποίη	ποίη
ποιητός	ποιητός
πολέμιζω	πολεμίζω
πολέμος	πόλεμος
πολῖς	πόλις
πολυπίδαξ	πολυπίδαξ
ποντοπόρος	ποντόπορος
προΐημι	προΐημι
πρότερος	πρότερος
προχοὴ	προχοή
πτερὸν	πτερόν
πυρσός	πυρσός
ῥῖπτω	ῥίπτω
ῥοθίον	ῥοθίον
ῥοθίος	ῥόθιος
ῥοπάλον	ῥόπαλον
σειρῆ	σειρή
σκῆπτρον	σκῆπτρον
σκοπέλος	σκόπελος
σπεῖρω	σπείρω
σπεύδω	σπεύδω
σταδίος	στάδιος
στεῖνος	στεῖνος
συβῶτης	συβώτης
σῦν	σύν
σύριγξ	σύριγξ
συρίζω	συρίζω
σῦς	σύς
ταμών	ταμών
ταύρος	ταῦρος
ταυροφυής	ταυροφυής
ταυρώπις	ταυρώπις
τεῖχος	τεῖχος
τελεσσιγόνος	τελεσσίγονος
τερπωλὴς	τερπωλῆς
τεῦχω	τεύχω
τὶς	τίς
τῖω	τίω
τοίχος	τοῖχος
τοσσάτιος	τοσσάτιος
τότε	τότε
τούνεκʼ	τοὔνεκʼ
τοὔνεκα	τοὔνεκα
τριαῖνα	τριαῖνα
τριαίνη	τριαίνη
τρυφάλεια	τρυφάλεια
τύρος	τυρός
υἱωνός	υἱωνός
ὕλη	ὕλη
ὑμέναιος	ὑμέναιος
ὑποβρυχῖος	ὑποβρύχιος
ὑπωρόφιος	ὑπωρόφιος
ὑστάτιος	ὑστάτιος
ὑψιτενὴς	ὑψιτενής
φαιδρὸς	φαιδρός
φάρμακον	φάρμακον
φάρος	φᾶρος
φάτιζω	φάτιζω
φλογερός	φλογερός
φονῖος	φόνιος
φρικτός	φρικτός
φύτευω	φυτεύω
χαράσσω	χαράσσω
χείλος	χεῖλος
χειμερῖος	χειμέριος
χεῦμα	χεῦμα
χεύω	χεῦω
χηλή	χηλή
χθόνιος	χθόνιος
χορεία	χορεία
χορὸς	χορός
χρεώ	χρεώ
χρίω	χρίω
χρύση	χρυσῆ
ψάμαθος	ψάμαθος
ψευδαλέος	ψευδαλέος
ὠκυπόρος	ὠκύπορος
ὦμος	ὦμος
βιὸς	βιός
ὃς	ὅς
ποτός	ποτός
Δηριάδης	Δηριάδης
Κυπρίδιος	Κυπρίδιος
Νηρεῒς	Νηρεΐς
Σάτυρος	Σάτυρος
Τηλέμαχος	Τηλέμαχος
Φαίηκες	Φαίηκες
αἰθερίος	αἰθέριος
ἁλῖος	ἅλιος
ἀναγκαῖος	ἀναγκαῖος
γαμῖος	γάμιος
δαΐς	δαίς
δήϊος	δηῖος
ἐκ	ἐκ
ἐν	ἐν
ἔτερος	ἕτερος
ἐΰ	εὖ
εὐπλόκαμος	εὐπλόκαμος
ἐυφροσύνη	εὐφροσύνη
ἐΰφρων	εὔφρων
ζυγίος	ζύγιος
ᾗχι	ἧχι
θεαίνα	θεαῖνα
ἱμερτὴς	ἱμερτής
κενεὸς	κενεός
κληῖς	κληῖς
κουριδίος	κουρίδιος
λάσιος	λασίος
μινυνθάδιος	μινυνθαδῖος
νηίς	νῆις
ξάνθος	ξανθός
ὀϊζὺς	ὀϊζύς
ὀΐομαι	οἴομαι
ὀμίχλη	ὁμίχλη
τρίαινα	τριαῖνα
ὑπωροφίος	ὑπωρόφιος
φονίος	φόνιος
