δʼ	δέ
τʼ	τε
ἀλλʼ	ἀλλά
ἄρʼ	ἄρα
ἐπʼ	ἐπί
οὐδʼ	οὐδέ
σʼ	σύ
ὅδʼ	ὅδε
οἴκαδʼ	οἴκαδε
κτήματʼ	κτῆμα
κάκʼ	κακός
τάδʼ	ὅδε
μηδʼ	μηδέ
ποθʼ	ποτέ
τοῦτʼ	οὗτος
μήτʼ	μήτε
τήνδʼ	ὅδε
ὧδʼ	ὧδε
μητέρʼ	μήτηρ
τῶνδʼ	ὅδε
οὐτʼ	οὔτε
ἄγετʼ	ἄγω
εἵνεκʼ	ἕνεκα
μοῖρʼ	μοῖρα
τῇδʼ	ὅδε
ἥδʼ	ὅδε
ἄλγεʼ	ἄλγος
δῶρʼ	δῶρον
τοῦδʼ	ὅδε
ἔστʼ	εἰμί
ἔθελʼ	ἐθέλω
εἴθʼ	εἴτε
πήματʼ	πήμα
κεῖσʼ	κεῖμαι
πατρίδʼ	πατρίς
ὅσσʼ	ὅσος
κήδεʼ	κῆδος
Ζῆνʼ	ζεύς
γίνετʼ	γίγνομαι
δῶμʼ	δῶμα
εἶσʼ	εἶμι
πάρʼ	παρά
πείραθʼ	πεῖραρ
τέκεθʼ	τίκτω
τῆσδʼ	ὅδε
ὤλεθʼ	ὄλλυμι
μάλιστʼ	μάλιστα
μηρίʼ	μηρός
ὄνομʼ	ὄνομα
τινʼ	τις
γούναθʼ	γόνυ
εἴτʼ	εἴτε
ἔργʼ	ἔργον
γαστέρʼ	γαστήρ
πλατέʼ	πλατύς
ῥεῖʼ	ῥέω
ἄνδρʼ	ἀνήρ
ἀπερείσιʼ	ἀπερείσιος
ταῦτʼ	οὗτος
ἄνευθʼ	ἄνευθε
ἔσσεσθʼ	εἰμί
οὔτʼ	οὔτε
οὐκέτʼ	οὐκέτι
εἵματʼ	εἷμα
ὄφρʼ	ὄφρα
πείρατʼ	πεῖραρ
ὅσʼ	ὅσος
μεθʼ	μετά
πόλλʼ	πολύς
οὔθʼ	οὔτε
Ποσειδάωνʼ	Ποσειδάων
θέουσʼ	θέω
θύνοντʼ	θύνω
κέλετʼ	κελεύω
λῆγʼ	λήγω
μέγαρʼ	μέγαρον
μίʼ	εἷς
μίσγεσθʼ	μίγνυμι
μαλʼ	μάλα
νοσφίσατʼ	νοσφίζω
οἴκτρʼ	οἰκτρός
στόμʼ	στόμα
σχέτλιʼ	σχέτλιος
τόσʼ	τόσος
φρένʼ	φρήν
ἄστυδʼ	ἄστυ
ἔβλητʼ	βάλλω
ἔκτανʼ	κτείνω
ἔτεχʼ	τίκτω
ἤντησʼ	ἀντάω
ἤρατʼ	ἀράομαι
ἵκοιτʼ	ἱκνέομαι
ἶσʼ	ἴσος
ἕνεκʼ	ἕνεκα
ἐόντʼ	εἰμί
εἰσʼ	εἰμί
ἀντίʼ	ἀντί
ὄπʼ	ὄψ
ποτʼ	ποτέ
τάχʼ	τάχα
εἵμαθʼ	εἷμα
εὕδοντʼ	εὕδω
ἀγόρευʼ	ἀγορεύω
ἄλλοθʼ	ἄλλοθι
ἤματʼ	ἦμαρ
ὁππόσʼ	ὁπόσος
ὁπόσʼ	ὁπόσος
ἔθʼ	ἔτι
ἵνʼ	ἵνα
δώμαθʼ	δῶμα
γʼ	γε
λεύκʼ	λευκός
ἔχετʼ	ἔχω
ὀστέʼ	ὀστέον
μάλʼ	μάλα
παῖδʼ	παῖς
τοὔνεκʼ	ἕνεκα
αὐτόθʼ	αὐτόθι
μάρνασθʼ	μάρναμαι
μυρίʼ	μυρίος
πατέρʼ	πατήρ
ἠδʼ	ἠδέ
δῖʼ	δῖος
ἐλθόντʼ	ἔρχομαι
πάντʼ	πᾶς
ὁππότʼ	ὁπότε
δώματʼ	δῶμα
μετʼ	μετά
τῆλʼ	τῆλε
αἵδʼ	ὅδε
βάλλετʼ	βάλλω
γυναῖκʼ	γυνή
δάμασʼ	δαμάζω
δέρματʼ	δέρμα
δεξίʼ	δεξιός
διεσκέδασʼ	διασκεδάζω
δύσεθʼ	δύω
δώδεκʼ	δώδεκα
εἵλετʼ	αἱρέω
θεράποντʼ	θεράπων
κάθιζʼ	καθίζω
κάλλιπʼ	καταλείπω
κάλλιφʼ	καταλείπω
κέχρητʼ	χράω
κίονʼ	κίω
κλισίηνδʼ	κλισία
κτείνοντʼ	κτείνω
κτεῖνʼ	κτείνω
κύνʼ	κύων
λείπετʼ	λείπω
ληίδʼ	ληίς
λιμένʼ	λιμήν
μέμβλετʼ	μέλω
μήδετʼ	μήδομαι
μήνιʼ	μῆνις
μίμνʼ	μίμνω
μενοεικέʼ	μενοεικής
νήεσσʼ	ναῦς
νίζʼ	νίζω
ναίουσʼ	ναίω
οἶδμʼ	οἶδμα
οὔαθʼ	οὖς
πευθόμεθʼ	πυνθάνομαι
πηδάλιʼ	πηδάλιον
πλαζόμεθʼ	πλάζω
ποιήσατʼ	ποιέω
πολέσσʼ	πόλις
προπάροιθʼ	προπάροιθεν
πρώτισθʼ	πρώτιστος
πρῶθʼ	πρῶτος
σήμαθʼ	σῆμα
σπερχοίατʼ	σπέρχω
στέμματʼ	στέμμα
στρωφᾶσθʼ	στρωφάω
στρωφῶσʼ	στρωφάω
τέκʼ	τέκος
τέτατʼ	τίθημι
ταχέʼ	ταχύς
τείροντʼ	τείρω
τούνεκʼ	ἕνεκα
τούσδʼ	ὅδε
τράπεθʼ	τρέπω
τριηκόσιʼ	τριακόσιοι
φαίνοντʼ	φαίνω
χεῖμʼ	χεῖμα
χεῦʼ	χέω
ἀγλάʼ	ἀγλαός
ἀριπρεπέʼ	ἀριπρεπής
ἄναχθʼ	ἄναξ
ἅρμαθʼ	ἅρμα
Ἀχιλῆʼ	ἀχιλλεύς
ἔθανʼ	θνήσκω
ἔνερθʼ	ἔνερθε
ἔπορʼ	πόρω
ἔφαντʼ	φημί
ἕλκετʼ	ἕλκω
ἕποντεʼμι	ἕπομαι
ἠρᾶθʼ	ἀράομαι
ἤγαγʼ	ἄγω
ἰοῦσʼ	εἶμι
Ἵλατʼ	ἱλάομαι
ὁδʼ	ὅδε
ὄθετʼ	ὄθομαι
ὤλετʼ	ὄλλυμι
ὤτρυνʼ	ὀτρύνω
ᾐδέσατʼ	αἰδέομαι
κῦμʼ	κῦμα
Αἴαντʼ	αἴας
βλέφαρʼ	βλέφαρον
λέονθʼ	λέων
λίγʼ	λιγύς
μοῦσʼ	μοῦσα
οὐθʼ	οὔτε
πόλινδʼ	πόλις
σχήσεσθʼ	ἔχω
φῶτʼ	φώς
ἕπτʼ	ἑπτά
ἥντινʼ	ὅστις
ἵετʼ	ἵημι
σῆμʼ	σῆμα
τηλόθʼ	τηλόθι
ἔτʼ	ἔτι
τόφρʼ	τόφρα
Ἕκτορʼ	ἕκτωρ
γούνατʼ	γόνυ
νῆʼ	ναῦς
περικαλλέʼ	περικαλλής
φῦλʼ	φῦλον
ὄρνυτʼ	ὄρνυμι
κάλʼ	καλός
οὔποτʼ	οὔποτε
ὅτʼ	ὅτε
αὐτίκʼ	αὐτίκα
ἅμʼ	ἅμα
θʼ	τε
Νέστορʼ	νέστωρ
αὐτίχʼ	αὐτίκα
δῶκʼ	δίδωμι
εἵατʼ	ἧμαι
κρατέρʼ	κρατερός
λάβʼ	λαμβάνω
οὔατʼ	οὖς
οὔνομʼ	ὄνομα
πάνθʼ	πᾶς
ἅλαδʼ	ἅλς
ἅρματʼ	ἅρμα
ἵκετʼ	ἱκνέομαι
ἐφʼ	ἐπί
δύʼ	δύο
ὑφʼ	ὑπό
φάρμακʼ	φάρμακον
φαίνετʼ	φαίνω
εὖτʼ	εὖτε
ὁπότʼ	ὁπότε
οὕνεκʼ	οὕνεκα
Αἴανθʼ	αἴας
βάλλʼ	βάλλω
δάκρυʼ	δάκρυον
δαίνυνθʼ	δαίνυμι
εἵπετʼ	ἕπομαι
κύμαθʼ	κῦμα
λίσσεσθʼ	λίσσομαι
μένεʼ	μένω
νόσφʼ	νόσφι
οὔτινʼ	οὔτις
πέτετʼ	πέτομαι
πυθμένʼ	πυθμήν
πότνιʼ	πότνια
τοὔνεχʼ	ἕνεκα
τόσσʼ	τόσος
φρονέοντʼ	φρονέω
ἅρμʼ	ἅρμα
ἐφράσαθʼ	φράζω
ἐόνθʼ	εἰμί
ἔσχʼ	ἔχω
ἔχοντʼ	ἔχω
ἥρωʼ	ἥρως
ὅντινʼ	ὅστις
ᾤχοντʼ	οἴχομαι
ὅθʼ	ὅτε
κεῖτʼ	κεῖμαι
χεῖρʼ	χείρ
λίπετʼ	λείπω
τέρματʼ	τέρμα
φρονέουσʼ	φρονέω
ἔπεʼ	ἔπος
ᾤχετʼ	οἴχομαι
μῆλʼ	μῆλον
ἄντʼ	ἀντί
Ὀδυσῆʼ	ὀδυσσεύς
τεύχεʼ	τεῦχος
ἔπειθʼ	ἔπειτα
παρʼ	παρά
μέγʼ	μέγας
ἄλλʼ	ἄλλος
ἀμφʼ	ἀμφί
πρόσθʼ	πρόσθεν
δύνατʼ	δύναμαι
κύματʼ	κῦμα
ἔπʼ	ἐπί
ἀφʼ	ἀπό
πῆμʼ	πῆμα
δαῖτʼ	δαίς
ἔπειτʼ	ἔπειτα
ἔνθʼ	ἔνθα
ἀπʼ	ἀπό
κῆρʼ	κήρ
ἔπλετʼ	πέλω
ὑπʼ	ὑπό
ἀνʼ	ἀνά
Παλλάδʼ	παλλάς
θυγατέρʼ	θυγάτηρ
λιποῦσʼ	λείπω
μήδεʼ	μῆδος
μῆρʼ	μηρός
συμφέρετʼ	συμφέρω
φαίνεθʼ	φαίνω
χιτῶνʼ	χιτών
ἄσπετʼ	ἄσπετος
ἐξέλετʼ	ἐξαιρέω
ἔασʼ	ἐάω
ἔμενʼ	εἰμί
ἕποντʼ	ἕπομαι
ὥστʼ	ὥστε
γείνατʼ	γίγνομαι
οὕνεχʼ	οὕνεκα
πάροιθʼ	πάροιθε
ἕπετʼ	ἕπομαι
ἠύτʼ	ἠύτε
ἤλυθʼ	ἔρχομαι
αὖτʼ	αὖτε
σφʼ	σφεῖς
βάλʼ	βάλλω
γένετʼ	γίγνομαι
κατʼ	κατά
ἦλθʼ	ἔρχομαι
βέλεʼ	βέλος
δέμνιʼ	δέμνιον
δειδέχατʼ	δέχομαι
κεῖνʼ	κεῖνος
μαίνετʼ	μαίνομαι
νύχθʼ	νύξ
τέρποντʼ	τέρπω
τοῖσδʼ	ὅδε
τρίποδʼ	τρίπους
χέρσʼ	χείρ
χείρεσσʼ	χείρ
ἔγχεʼ	ἔγχος
ἕσπετʼ	ἕπομαι
ἠκέσατʼ	ἀκέομαι
ἡγεμόνευʼ	ἡγεμονεύω
ἤλασʼ	ἐλαύνω
ὦκʼ	ὦκα
γίγνετʼ	γίγνομαι
νύκτʼ	νύξ
ταῦθʼ	οὗτος
ἑσταότʼ	ἵστημι
αἶψʼ	αἶψα
αἷμʼ	αἷμα
ἔχʼ	ἔχω
διʼ	διά
δούρατʼ	δόρυ
μεγάλʼ	μέγας
τότʼ	τότε
καθʼ	κατά
εὖθʼ	εὖτε
λήθετʼ	λανθάνω
στρωφῶντʼ	στρωφάω
ἔξοχʼ	ἔξοχος
αὖθʼ	αὖτε
πρῶτʼ	πρῶτος
σήματʼ	σῆμα
ἵκεθʼ	ἱκνέομαι
λίπʼ	λείπω
φεύγοντʼ	φεύγω
ἐτράπετʼ	τρέπω
ἔντεʼ	ἔντεα
ἔχουσʼ	ἔχω
εἰπʼ	λέγω
ἄγχʼ	ἄγχι
ἔβαλʼ	βάλλω
ὤρνυτʼ	ὄρνυμι
εἰποῦσʼ	λέγω
εὔχετʼ	εὔχομαι
αὐχένʼ	αὐχήν
ὄμματʼ	ὄμμα
ἄλλοτʼ	ἄλλοτε
δαίνυντʼ	δαίνυμι
ἔφατʼ	φημί
πείσματʼ	πείσμα
ἕζετʼ	ἕζομαι
ἔφαθʼ	φημί
φάτʼ	φημί